Home_team,Away_team,Score,Time,League,Year
Austria Wien,FC Wacker Innsbruck,2:1 (1:1),19:45,aut-bundesliga,2018
Sturm Graz,TSV Hartberg,3:2 (2:1),16:00,aut-bundesliga,2018
SCR Altach,SV Mattersburg,2:3 (1:1),16:00,aut-bundesliga,2018
SKN St. Pölten,Wolfsberger AC,4:3 (2:2),16:00,aut-bundesliga,2018
FC Admira Wacker,Rapid Wien,0:3 (0:3),16:00,aut-bundesliga,2018
RB Salzburg,LASK,3:1 (3:0),16:00,aut-bundesliga,2018
Rapid Wien,SCR Altach,1:1 (1:0),16:00,aut-bundesliga,2018
SV Mattersburg,RB Salzburg,0:2 (0:0),16:00,aut-bundesliga,2018
FC Wacker Innsbruck,Sturm Graz,2:3 (0:1),16:00,aut-bundesliga,2018
TSV Hartberg,FC Admira Wacker,0:1 (0:0),16:00,aut-bundesliga,2018
LASK,SKN St. Pölten,0:0 (0:0),16:00,aut-bundesliga,2018
Wolfsberger AC,Austria Wien,1:0 (0:0),16:00,aut-bundesliga,2018
RB Salzburg,Austria Wien,2:0 (1:0),16:00,aut-bundesliga,2018
SCR Altach,FC Wacker Innsbruck,1:2 (1:2),16:00,aut-bundesliga,2018
TSV Hartberg,SV Mattersburg,4:2 (3:1),16:00,aut-bundesliga,2018
SKN St. Pölten,Sturm Graz,2:0 (1:0),16:00,aut-bundesliga,2018
FC Admira Wacker,LASK,0:1 (0:0),16:00,aut-bundesliga,2018
Rapid Wien,Wolfsberger AC,0:0 (0:0),16:00,aut-bundesliga,2018
RB Salzburg,TSV Hartberg,2:0 (0:0),16:00,aut-bundesliga,2018
SV Mattersburg,Wolfsberger AC,0:6 (0:3),16:00,aut-bundesliga,2018
FC Wacker Innsbruck,SKN St. Pölten,0:2 (0:1),16:00,aut-bundesliga,2018
Sturm Graz,SCR Altach,1:1 (1:0),16:00,aut-bundesliga,2018
Austria Wien,FC Admira Wacker,4:0 (2:0),16:00,aut-bundesliga,2018
LASK,Rapid Wien,2:1 (0:0),16:00,aut-bundesliga,2018
SCR Altach,RB Salzburg,2:3 (1:2),16:00,aut-bundesliga,2018
Wolfsberger AC,Sturm Graz,1:1 (1:0),16:00,aut-bundesliga,2018
SKN St. Pölten,Austria Wien,0:0 (0:0),16:00,aut-bundesliga,2018
TSV Hartberg,LASK,0:1 (0:1),16:00,aut-bundesliga,2018
FC Admira Wacker,SV Mattersburg,0:0 (0:0),16:00,aut-bundesliga,2018
Rapid Wien,FC Wacker Innsbruck,2:1 (1:0),16:00,aut-bundesliga,2018
Austria Wien,SV Mattersburg,2:1 (0:1),16:00,aut-bundesliga,2018
SCR Altach,SKN St. Pölten,1:2 (0:1),16:00,aut-bundesliga,2018
FC Wacker Innsbruck,TSV Hartberg,2:1 (1:1),16:00,aut-bundesliga,2018
LASK,Wolfsberger AC,2:0 (1:0),16:00,aut-bundesliga,2018
RB Salzburg,FC Admira Wacker,3:1 (1:0),16:00,aut-bundesliga,2018
Sturm Graz,Rapid Wien,1:1 (1:0),16:00,aut-bundesliga,2018
FC Admira Wacker,Sturm Graz,2:3 (1:1),16:00,aut-bundesliga,2018
SKN St. Pölten,RB Salzburg,1:3 (1:1),16:00,aut-bundesliga,2018
TSV Hartberg,SCR Altach,2:1 (0:0),16:00,aut-bundesliga,2018
Wolfsberger AC,FC Wacker Innsbruck,3:1 (0:1),13:30,aut-bundesliga,2018
SV Mattersburg,LASK,1:3 (0:1),13:30,aut-bundesliga,2018
Rapid Wien,Austria Wien,0:1 (0:0),16:00,aut-bundesliga,2018
Sturm Graz,SV Mattersburg,1:2 (1:1),16:00,aut-bundesliga,2018
SCR Altach,Wolfsberger AC,0:1 (0:1),16:00,aut-bundesliga,2018
SKN St. Pölten,TSV Hartberg,3:0 (1:0),16:00,aut-bundesliga,2018
Austria Wien,LASK,0:3 (0:1),13:30,aut-bundesliga,2018
FC Wacker Innsbruck,FC Admira Wacker,1:3 (0:1),13:30,aut-bundesliga,2018
RB Salzburg,Rapid Wien,2:1 (1:0),16:00,aut-bundesliga,2018
Rapid Wien,SKN St. Pölten,0:2 (0:1),16:00,aut-bundesliga,2018
FC Admira Wacker,SCR Altach,2:4 (1:2),16:00,aut-bundesliga,2018
Wolfsberger AC,RB Salzburg,1:4 (0:0),16:00,aut-bundesliga,2018
SV Mattersburg,FC Wacker Innsbruck,2:1 (0:0),13:30,aut-bundesliga,2018
TSV Hartberg,Austria Wien,0:1 (0:0),13:30,aut-bundesliga,2018
LASK,Sturm Graz,0:0 (0:0),16:00,aut-bundesliga,2018
SCR Altach,Austria Wien,2:0 (0:0),16:00,aut-bundesliga,2018
Wolfsberger AC,TSV Hartberg,3:4 (2:1),16:00,aut-bundesliga,2018
SKN St. Pölten,FC Admira Wacker,0:0 (0:0),16:00,aut-bundesliga,2018
Rapid Wien,SV Mattersburg,1:0 (1:0),13:30,aut-bundesliga,2018
FC Wacker Innsbruck,LASK,1:0 (0:0),13:30,aut-bundesliga,2018
Sturm Graz,RB Salzburg,1:2 (1:1),16:00,aut-bundesliga,2018
RB Salzburg,FC Wacker Innsbruck,1:1 (0:0),16:00,aut-bundesliga,2018
LASK,SCR Altach,1:1 (0:0),16:00,aut-bundesliga,2018
TSV Hartberg,Rapid Wien,3:0 (2:0),16:00,aut-bundesliga,2018
FC Admira Wacker,Wolfsberger AC,0:0 (0:0),13:30,aut-bundesliga,2018
SV Mattersburg,SKN St. Pölten,2:0 (0:0),13:30,aut-bundesliga,2018
Austria Wien,Sturm Graz,1:1 (0:1),16:00,aut-bundesliga,2018
SV Mattersburg,SCR Altach,1:1 (0:0),16:00,aut-bundesliga,2018
FC Wacker Innsbruck,Austria Wien,0:0 (0:0),16:00,aut-bundesliga,2018
TSV Hartberg,Sturm Graz,2:0 (0:0),16:00,aut-bundesliga,2018
Rapid Wien,FC Admira Wacker,2:0 (1:0),13:30,aut-bundesliga,2018
Wolfsberger AC,SKN St. Pölten,1:0 (0:0),13:30,aut-bundesliga,2018
LASK,RB Salzburg,3:3 (2:2),16:00,aut-bundesliga,2018
Sturm Graz,FC Wacker Innsbruck,1:1 (0:0),16:00,aut-bundesliga,2018
FC Admira Wacker,TSV Hartberg,2:3 (0:1),16:00,aut-bundesliga,2018
SKN St. Pölten,LASK,2:2 (1:1),16:00,aut-bundesliga,2018
RB Salzburg,SV Mattersburg,2:1 (0:0),13:30,aut-bundesliga,2018
Austria Wien,Wolfsberger AC,2:3 (2:1),13:30,aut-bundesliga,2018
SCR Altach,Rapid Wien,2:2 (1:2),16:00,aut-bundesliga,2018
FC Wacker Innsbruck,SCR Altach,1:0 (1:0),16:00,aut-bundesliga,2018
Sturm Graz,SKN St. Pölten,0:0 (0:0),16:00,aut-bundesliga,2018
LASK,FC Admira Wacker,5:1 (1:0),16:00,aut-bundesliga,2018
SV Mattersburg,TSV Hartberg,1:2 (0:0),13:30,aut-bundesliga,2018
Wolfsberger AC,Rapid Wien,3:1 (0:1),13:30,aut-bundesliga,2018
Austria Wien,RB Salzburg,0:2 (0:0),16:00,aut-bundesliga,2018
TSV Hartberg,RB Salzburg,0:4 (0:0),16:00,aut-bundesliga,2018
Wolfsberger AC,SV Mattersburg,2:2 (1:0),16:00,aut-bundesliga,2018
FC Admira Wacker,Austria Wien,1:2 (0:1),16:00,aut-bundesliga,2018
SCR Altach,Sturm Graz,0:2 (0:1),13:30,aut-bundesliga,2018
SKN St. Pölten,FC Wacker Innsbruck,2:0 (0:0),13:30,aut-bundesliga,2018
Rapid Wien,LASK,0:1 (0:0),16:00,aut-bundesliga,2018
Austria Wien,SKN St. Pölten,2:0 (2:0),16:00,aut-bundesliga,2018
LASK,TSV Hartberg,3:3 (2:2),16:00,aut-bundesliga,2018
SV Mattersburg,FC Admira Wacker,2:2 (0:1),16:00,aut-bundesliga,2018
RB Salzburg,SCR Altach,1:0 (1:0),13:30,aut-bundesliga,2018
FC Wacker Innsbruck,Rapid Wien,0:1 (0:0),13:30,aut-bundesliga,2018
Sturm Graz,Wolfsberger AC,3:0 (1:0),16:00,aut-bundesliga,2018
SKN St. Pölten,SCR Altach,2:1 (1:0),16:00,aut-bundesliga,2018
Wolfsberger AC,LASK,1:1 (1:1),16:00,aut-bundesliga,2018
FC Admira Wacker,RB Salzburg,2:2 (1:1),16:00,aut-bundesliga,2018
SV Mattersburg,Austria Wien,2:1 (0:1),13:30,aut-bundesliga,2018
TSV Hartberg,FC Wacker Innsbruck,2:2 (2:1),13:30,aut-bundesliga,2018
Rapid Wien,Sturm Graz,0:0 (0:0),16:00,aut-bundesliga,2018
Sturm Graz,FC Admira Wacker,3:0 (0:0),16:00,aut-bundesliga,2018
FC Wacker Innsbruck,Wolfsberger AC,0:0 (0:0),16:00,aut-bundesliga,2018
LASK,SV Mattersburg,2:1 (1:0),16:00,aut-bundesliga,2018
RB Salzburg,SKN St. Pölten,5:1 (5:0),13:30,aut-bundesliga,2018
SCR Altach,TSV Hartberg,6:1 (2:0),13:30,aut-bundesliga,2018
Austria Wien,Rapid Wien,6:1 (4:1),16:00,aut-bundesliga,2018
LASK,Austria Wien,2:0 (1:0),18:30,aut-bundesliga,2018
Wolfsberger AC,SCR Altach,0:0 (0:0),16:00,aut-bundesliga,2018
FC Admira Wacker,FC Wacker Innsbruck,3:0 (2:0),16:00,aut-bundesliga,2018
SV Mattersburg,Sturm Graz,1:1 (1:0),13:30,aut-bundesliga,2018
TSV Hartberg,SKN St. Pölten,1:1 (0:0),13:30,aut-bundesliga,2018
Rapid Wien,RB Salzburg,2:0 (0:0),16:00,aut-bundesliga,2018
SKN St. Pölten,Rapid Wien,0:4 (0:2),16:00,aut-bundesliga,2018
SCR Altach,FC Admira Wacker,0:1 (0:0),16:00,aut-bundesliga,2018
RB Salzburg,Wolfsberger AC,3:0 (2:0),16:00,aut-bundesliga,2018
Sturm Graz,LASK,0:3 (0:1),13:30,aut-bundesliga,2018
Austria Wien,TSV Hartberg,4:2 (1:0),13:30,aut-bundesliga,2018
FC Wacker Innsbruck,SV Mattersburg,0:1 (0:0),16:00,aut-bundesliga,2018
RB Salzburg,Sturm Graz,0:0 (0:0),16:00,aut-bundesliga,2018
SV Mattersburg,Rapid Wien,2:1 (1:1),16:00,aut-bundesliga,2018
Austria Wien,SCR Altach,1:3 (1:2),16:00,aut-bundesliga,2018
TSV Hartberg,Wolfsberger AC,1:1 (0:1),16:00,aut-bundesliga,2018
FC Admira Wacker,SKN St. Pölten,3:2 (1:1),16:00,aut-bundesliga,2018
LASK,FC Wacker Innsbruck,2:0 (1:0),16:00,aut-bundesliga,2018
FC Wacker Innsbruck,RB Salzburg,0:2 (0:1),16:00,aut-bundesliga,2018
SCR Altach,LASK,1:2 (1:0),16:00,aut-bundesliga,2018
Wolfsberger AC,FC Admira Wacker,2:2 (1:2),16:00,aut-bundesliga,2018
SKN St. Pölten,SV Mattersburg,0:1 (0:1),16:00,aut-bundesliga,2018
Sturm Graz,Austria Wien,1:0 (0:0),16:00,aut-bundesliga,2018
Rapid Wien,TSV Hartberg,2:2 (2:0),16:00,aut-bundesliga,2018
Rapid Wien,RB Salzburg,0:2 (0:1),19:45,aut-bundesliga,2019
FC Admira Wacker,Wolfsberger AC,0:3 (0:1),16:00,aut-bundesliga,2019
WSG Tirol,Austria Wien,3:1 (1:0),16:00,aut-bundesliga,2019
SV Mattersburg,TSV Hartberg,2:1 (1:0),16:00,aut-bundesliga,2019
Sturm Graz,SKN St. Pölten,3:0 (2:0),16:00,aut-bundesliga,2019
LASK,SCR Altach,2:0 (1:0),16:00,aut-bundesliga,2019
Austria Wien,LASK,0:3 (0:1),16:00,aut-bundesliga,2019
SCR Altach,WSG Tirol,3:2 (2:2),16:00,aut-bundesliga,2019
TSV Hartberg,FC Admira Wacker,4:1 (2:0),16:00,aut-bundesliga,2019
RB Salzburg,SV Mattersburg,4:1 (3:0),16:00,aut-bundesliga,2019
Wolfsberger AC,Sturm Graz,0:1 (0:1),16:00,aut-bundesliga,2019
SKN St. Pölten,Rapid Wien,2:2 (1:1),16:00,aut-bundesliga,2019
RB Salzburg,Wolfsberger AC,5:2 (2:1),16:00,aut-bundesliga,2019
Rapid Wien,SCR Altach,2:1 (2:1),16:00,aut-bundesliga,2019
FC Admira Wacker,LASK,0:1 (0:1),16:00,aut-bundesliga,2019
SV Mattersburg,Austria Wien,1:5 (0:2),16:00,aut-bundesliga,2019
TSV Hartberg,Sturm Graz,1:0 (0:0),16:00,aut-bundesliga,2019
WSG Tirol,SKN St. Pölten,1:1 (1:0),16:00,aut-bundesliga,2019
LASK,WSG Tirol,1:1 (0:1),16:00,aut-bundesliga,2019
Wolfsberger AC,SV Mattersburg,5:0 (2:0),16:00,aut-bundesliga,2019
SKN St. Pölten,RB Salzburg,0:6 (0:2),16:00,aut-bundesliga,2019
Austria Wien,FC Admira Wacker,1:1 (1:0),16:00,aut-bundesliga,2019
Sturm Graz,Rapid Wien,0:1 (0:1),16:00,aut-bundesliga,2019
SCR Altach,TSV Hartberg,3:3 (0:3),16:00,aut-bundesliga,2019
Rapid Wien,LASK,1:2 (0:1),16:00,aut-bundesliga,2019
Wolfsberger AC,SCR Altach,5:2 (3:1),16:00,aut-bundesliga,2019
SV Mattersburg,SKN St. Pölten,0:1 (0:1),16:00,aut-bundesliga,2019
Sturm Graz,WSG Tirol,2:0 (1:0),16:00,aut-bundesliga,2019
RB Salzburg,FC Admira Wacker,5:0 (3:0),16:00,aut-bundesliga,2019
TSV Hartberg,Austria Wien,2:2 (1:0),16:00,aut-bundesliga,2019
LASK,Wolfsberger AC,0:1 (0:0),16:00,aut-bundesliga,2019
FC Admira Wacker,SV Mattersburg,1:3 (1:2),16:00,aut-bundesliga,2019
WSG Tirol,RB Salzburg,1:5 (0:3),16:00,aut-bundesliga,2019
Austria Wien,Rapid Wien,1:3 (1:1),16:00,aut-bundesliga,2019
SKN St. Pölten,TSV Hartberg,1:3 (0:2),16:00,aut-bundesliga,2019
SCR Altach,Sturm Graz,1:2 (0:1),16:00,aut-bundesliga,2019
RB Salzburg,TSV Hartberg,7:2 (2:1),16:00,aut-bundesliga,2019
Sturm Graz,LASK,0:2 (0:0),16:00,aut-bundesliga,2019
SV Mattersburg,WSG Tirol,0:2 (0:1),16:00,aut-bundesliga,2019
Rapid Wien,FC Admira Wacker,5:0 (1:0),13:30,aut-bundesliga,2019
SCR Altach,SKN St. Pölten,6:0 (3:0),13:30,aut-bundesliga,2019
Wolfsberger AC,Austria Wien,3:0 (0:0),16:00,aut-bundesliga,2019
SV Mattersburg,Sturm Graz,3:3 (1:2),16:00,aut-bundesliga,2019
FC Admira Wacker,SKN St. Pölten,1:1 (1:0),16:00,aut-bundesliga,2019
WSG Tirol,Rapid Wien,0:2 (0:0),16:00,aut-bundesliga,2019
Austria Wien,SCR Altach,2:0 (0:0),13:30,aut-bundesliga,2019
TSV Hartberg,Wolfsberger AC,0:2 (0:0),13:30,aut-bundesliga,2019
LASK,RB Salzburg,2:2 (2:1),16:00,aut-bundesliga,2019
RB Salzburg,Austria Wien,4:1 (2:1),16:00,aut-bundesliga,2019
Wolfsberger AC,WSG Tirol,2:2 (0:0),16:00,aut-bundesliga,2019
SKN St. Pölten,LASK,0:3 (0:2),16:00,aut-bundesliga,2019
Sturm Graz,FC Admira Wacker,4:1 (1:0),13:30,aut-bundesliga,2019
SCR Altach,SV Mattersburg,0:2 (0:0),13:30,aut-bundesliga,2019
Rapid Wien,TSV Hartberg,3:3 (1:1),16:00,aut-bundesliga,2019
RB Salzburg,SCR Altach,6:0 (3:0),16:00,aut-bundesliga,2019
SV Mattersburg,Rapid Wien,2:3 (1:1),16:00,aut-bundesliga,2019
FC Admira Wacker,WSG Tirol,3:1 (3:1),16:00,aut-bundesliga,2019
Wolfsberger AC,SKN St. Pölten,4:0 (2:0),13:30,aut-bundesliga,2019
TSV Hartberg,LASK,1:2 (0:0),13:30,aut-bundesliga,2019
Austria Wien,Sturm Graz,1:0 (0:0),16:00,aut-bundesliga,2019
LASK,SV Mattersburg,7:2 (3:2),16:00,aut-bundesliga,2019
Sturm Graz,RB Salzburg,1:1 (1:0),16:00,aut-bundesliga,2019
SCR Altach,FC Admira Wacker,1:4 (0:3),16:00,aut-bundesliga,2019
SKN St. Pölten,Austria Wien,2:2 (0:1),13:30,aut-bundesliga,2019
WSG Tirol,TSV Hartberg,0:1 (0:0),13:30,aut-bundesliga,2019
Rapid Wien,Wolfsberger AC,1:1 (1:0),16:00,aut-bundesliga,2019
Austria Wien,WSG Tirol,2:3 (0:2),16:00,aut-bundesliga,2019
TSV Hartberg,SV Mattersburg,3:1 (1:0),16:00,aut-bundesliga,2019
SKN St. Pölten,Sturm Graz,0:4 (0:0),16:00,aut-bundesliga,2019
Wolfsberger AC,FC Admira Wacker,2:2 (0:1),13:30,aut-bundesliga,2019
SCR Altach,LASK,0:1 (0:1),13:30,aut-bundesliga,2019
RB Salzburg,Rapid Wien,3:2 (2:1),16:00,aut-bundesliga,2019
SV Mattersburg,RB Salzburg,0:3 (0:2),16:00,aut-bundesliga,2019
Sturm Graz,Wolfsberger AC,0:4 (0:3),16:00,aut-bundesliga,2019
Rapid Wien,SKN St. Pölten,0:1 (0:0),16:00,aut-bundesliga,2019
WSG Tirol,SCR Altach,0:4 (0:1),13:30,aut-bundesliga,2019
FC Admira Wacker,TSV Hartberg,0:1 (0:0),13:30,aut-bundesliga,2019
LASK,Austria Wien,2:0 (1:0),16:00,aut-bundesliga,2019
SCR Altach,Rapid Wien,0:3 (0:3),16:00,aut-bundesliga,2019
Sturm Graz,TSV Hartberg,3:1 (0:0),16:00,aut-bundesliga,2019
SKN St. Pölten,WSG Tirol,5:1 (3:1),16:00,aut-bundesliga,2019
LASK,FC Admira Wacker,1:0 (1:0),13:30,aut-bundesliga,2019
Austria Wien,SV Mattersburg,2:1 (1:0),13:30,aut-bundesliga,2019
Wolfsberger AC,RB Salzburg,0:3 (0:1),16:00,aut-bundesliga,2019
RB Salzburg,SKN St. Pölten,2:2 (2:1),16:00,aut-bundesliga,2019
WSG Tirol,LASK,0:2 (0:0),16:00,aut-bundesliga,2019
SV Mattersburg,Wolfsberger AC,1:4 (0:2),16:00,aut-bundesliga,2019
FC Admira Wacker,Austria Wien,0:0 (0:0),13:30,aut-bundesliga,2019
TSV Hartberg,SCR Altach,2:1 (1:1),13:30,aut-bundesliga,2019
Rapid Wien,Sturm Graz,1:1 (1:0),16:00,aut-bundesliga,2019
SKN St. Pölten,SV Mattersburg,0:0 (0:0),16:00,aut-bundesliga,2019
WSG Tirol,Sturm Graz,1:5 (0:2),16:00,aut-bundesliga,2019
Austria Wien,TSV Hartberg,5:0 (3:0),16:00,aut-bundesliga,2019
SCR Altach,Wolfsberger AC,2:1 (2:0),13:30,aut-bundesliga,2019
FC Admira Wacker,RB Salzburg,1:1 (1:0),13:30,aut-bundesliga,2019
LASK,Rapid Wien,0:4 (0:1),16:00,aut-bundesliga,2019
Wolfsberger AC,LASK,1:3 (0:2),16:00,aut-bundesliga,2019
RB Salzburg,WSG Tirol,5:1 (3:0),16:00,aut-bundesliga,2019
TSV Hartberg,SKN St. Pölten,3:2 (2:0),16:00,aut-bundesliga,2019
SV Mattersburg,FC Admira Wacker,1:2 (0:0),13:30,aut-bundesliga,2019
Sturm Graz,SCR Altach,1:2 (1:0),13:30,aut-bundesliga,2019
Rapid Wien,Austria Wien,2:2 (1:2),16:00,aut-bundesliga,2019
TSV Hartberg,RB Salzburg,2:2 (1:1),16:00,aut-bundesliga,2019
FC Admira Wacker,Rapid Wien,0:3 (0:2),16:00,aut-bundesliga,2019
SKN St. Pölten,SCR Altach,0:3 (0:0),16:00,aut-bundesliga,2019
Austria Wien,Wolfsberger AC,1:1 (1:0),13:30,aut-bundesliga,2019
WSG Tirol,SV Mattersburg,1:3 (0:1),13:30,aut-bundesliga,2019
LASK,Sturm Graz,3:3 (2:3),16:00,aut-bundesliga,2019
RB Salzburg,LASK,2:3 (1:2),18:00,aut-bundesliga,2019
SCR Altach,Austria Wien,2:2 (2:1),16:00,aut-bundesliga,2019
Wolfsberger AC,TSV Hartberg,3:0 (0:0),16:00,aut-bundesliga,2019
Sturm Graz,SV Mattersburg,1:2 (0:2),13:30,aut-bundesliga,2019
SKN St. Pölten,FC Admira Wacker,2:2 (0:0),13:30,aut-bundesliga,2019
Rapid Wien,WSG Tirol,2:0 (2:0),16:00,aut-bundesliga,2019
WSG Tirol,Wolfsberger AC,2:0 (2:0),16:00,aut-bundesliga,2019
FC Admira Wacker,Sturm Graz,0:2 (0:1),16:00,aut-bundesliga,2019
SV Mattersburg,SCR Altach,0:0 (0:0),16:00,aut-bundesliga,2019
LASK,SKN St. Pölten,4:1 (3:1),13:30,aut-bundesliga,2019
TSV Hartberg,Rapid Wien,2:2 (1:1),13:30,aut-bundesliga,2019
Austria Wien,RB Salzburg,2:2 (0:1),16:00,aut-bundesliga,2019
SKN St. Pölten,Wolfsberger AC,0:4 (0:1),16:00,aut-bundesliga,2019
Sturm Graz,Austria Wien,1:1 (0:0),16:00,aut-bundesliga,2019
Rapid Wien,SV Mattersburg,3:1 (1:1),16:00,aut-bundesliga,2019
WSG Tirol,FC Admira Wacker,1:1 (0:0),16:00,aut-bundesliga,2019
LASK,TSV Hartberg,5:1 (0:1),16:00,aut-bundesliga,2019
SCR Altach,RB Salzburg,3:2 (1:0),18:00,aut-bundesliga,2019
Austria Wien,SKN St. Pölten,0:0 (0:0),16:00,aut-bundesliga,2019
Wolfsberger AC,Rapid Wien,2:2 (1:1),16:00,aut-bundesliga,2019
FC Admira Wacker,SCR Altach,2:0 (0:0),16:00,aut-bundesliga,2019
TSV Hartberg,WSG Tirol,0:3 (0:0),16:00,aut-bundesliga,2019
SV Mattersburg,LASK,0:1 (0:1),13:30,aut-bundesliga,2019
RB Salzburg,Sturm Graz,2:0 (0:0),13:30,aut-bundesliga,2019
Rapid Wien,FC Admira Wacker,4:1 (2:0),17:30,aut-bundesliga,2020
LASK,Austria Wien,1:0 (1:0),19:30,aut-bundesliga,2020
SCR Altach,TSV Hartberg,1:1 (1:0),16:00,aut-bundesliga,2020
SV Ried,WSG Tirol,3:2 (1:2),13:30,aut-bundesliga,2020
SKN St. Pölten,Sturm Graz,0:0 (0:0),13:30,aut-bundesliga,2020
Wolfsberger AC,RB Salzburg,1:3 (0:2),16:00,aut-bundesliga,2020
RB Salzburg,SCR Altach,4:1 (2:1),16:00,aut-bundesliga,2020
WSG Tirol,LASK,1:1 (1:1),16:00,aut-bundesliga,2020
Sturm Graz,Rapid Wien,1:1 (0:0),16:00,aut-bundesliga,2020
TSV Hartberg,Wolfsberger AC,0:2 (0:0),13:30,aut-bundesliga,2020
FC Admira Wacker,SKN St. Pölten,0:5 (0:4),13:30,aut-bundesliga,2020
Austria Wien,SV Ried,2:1 (1:0),16:00,aut-bundesliga,2020
SCR Altach,WSG Tirol,0:2 (0:1),16:00,aut-bundesliga,2020
SKN St. Pölten,Rapid Wien,1:2 (1:2),16:00,aut-bundesliga,2020
SV Ried,RB Salzburg,1:3 (0:1),16:00,aut-bundesliga,2020
Austria Wien,FC Admira Wacker,2:2 (1:1),13:30,aut-bundesliga,2020
TSV Hartberg,Sturm Graz,1:1 (0:1),13:30,aut-bundesliga,2020
LASK,Wolfsberger AC,3:1 (1:0),16:00,aut-bundesliga,2020
FC Admira Wacker,SV Ried,3:1 (2:0),16:00,aut-bundesliga,2020
WSG Tirol,Austria Wien,0:2 (0:0),16:00,aut-bundesliga,2020
Wolfsberger AC,SKN St. Pölten,2:4 (1:3),16:00,aut-bundesliga,2020
Sturm Graz,SCR Altach,4:0 (3:0),13:30,aut-bundesliga,2020
RB Salzburg,TSV Hartberg,7:1 (2:0),13:30,aut-bundesliga,2020
Rapid Wien,LASK,3:0 (2:0),16:00,aut-bundesliga,2020
Austria Wien,RB Salzburg,0:2 (0:0),16:00,aut-bundesliga,2020
SCR Altach,FC Admira Wacker,4:2 (2:1),16:00,aut-bundesliga,2020
SV Ried,Sturm Graz,0:2 (0:1),16:00,aut-bundesliga,2020
LASK,SKN St. Pölten,4:0 (1:0),13:30,aut-bundesliga,2020
WSG Tirol,TSV Hartberg,1:1 (1:0),13:30,aut-bundesliga,2020
Wolfsberger AC,Rapid Wien,3:4 (0:2),16:00,aut-bundesliga,2020
RB Salzburg,WSG Tirol,5:0 (2:0),16:00,aut-bundesliga,2020
TSV Hartberg,Austria Wien,2:1 (1:1),16:00,aut-bundesliga,2020
SKN St. Pölten,SV Ried,4:0 (2:0),16:00,aut-bundesliga,2020
Rapid Wien,SCR Altach,3:1 (1:0),13:30,aut-bundesliga,2020
FC Admira Wacker,Wolfsberger AC,1:3 (0:3),13:30,aut-bundesliga,2020
Sturm Graz,LASK,0:2 (0:1),16:00,aut-bundesliga,2020
SCR Altach,Austria Wien,0:0 (0:0),16:00,aut-bundesliga,2020
SKN St. Pölten,WSG Tirol,0:1 (0:1),16:00,aut-bundesliga,2020
SV Ried,TSV Hartberg,2:0 (1:0),16:00,aut-bundesliga,2020
LASK,FC Admira Wacker,4:0 (1:0),13:30,aut-bundesliga,2020
Rapid Wien,RB Salzburg,1:1 (0:1),16:00,aut-bundesliga,2020
Wolfsberger AC,Sturm Graz,0:0 (0:0),16:00,aut-bundesliga,2020
RB Salzburg,Sturm Graz,1:3 (0:0),16:00,aut-bundesliga,2020
TSV Hartberg,LASK,1:1 (0:1),16:00,aut-bundesliga,2020
SCR Altach,Wolfsberger AC,0:2 (0:0),16:00,aut-bundesliga,2020
Austria Wien,SKN St. Pölten,1:1 (0:1),13:30,aut-bundesliga,2020
WSG Tirol,FC Admira Wacker,3:0 (2:0),13:30,aut-bundesliga,2020
SV Ried,Rapid Wien,4:3 (2:1),16:00,aut-bundesliga,2020
Sturm Graz,WSG Tirol,1:0 (0:0),16:00,aut-bundesliga,2020
SKN St. Pölten,RB Salzburg,2:8 (1:4),16:00,aut-bundesliga,2020
FC Admira Wacker,TSV Hartberg,2:3 (2:1),16:00,aut-bundesliga,2020
Wolfsberger AC,SV Ried,1:1 (0:0),13:30,aut-bundesliga,2020
LASK,SCR Altach,3:0 (0:0),13:30,aut-bundesliga,2020
Rapid Wien,Austria Wien,1:1 (1:1),16:00,aut-bundesliga,2020
Austria Wien,Sturm Graz,0:4 (0:1),16:00,aut-bundesliga,2020
SCR Altach,SKN St. Pölten,0:4 (0:1),16:00,aut-bundesliga,2020
FC Admira Wacker,RB Salzburg,1:0 (0:0),16:00,aut-bundesliga,2020
TSV Hartberg,Rapid Wien,1:3 (0:2),13:30,aut-bundesliga,2020
WSG Tirol,Wolfsberger AC,4:1 (2:0),13:30,aut-bundesliga,2020
LASK,SV Ried,3:0 (2:0),16:00,aut-bundesliga,2020
Sturm Graz,FC Admira Wacker,3:0 (1:0),16:00,aut-bundesliga,2020
SKN St. Pölten,TSV Hartberg,2:2 (2:1),16:00,aut-bundesliga,2020
SV Ried,SCR Altach,1:4 (1:1),16:00,aut-bundesliga,2020
Rapid Wien,WSG Tirol,0:3 (0:2),13:30,aut-bundesliga,2020
Wolfsberger AC,Austria Wien,3:2 (1:1),13:30,aut-bundesliga,2020
RB Salzburg,LASK,3:1 (0:1),16:00,aut-bundesliga,2020
TSV Hartberg,SCR Altach,1:0 (0:0),16:00,aut-bundesliga,2020
FC Admira Wacker,Rapid Wien,0:1 (0:1),16:00,aut-bundesliga,2020
Sturm Graz,SKN St. Pölten,3:0 (1:0),16:00,aut-bundesliga,2020
WSG Tirol,SV Ried,1:3 (1:0),13:30,aut-bundesliga,2020
RB Salzburg,Wolfsberger AC,2:3 (0:0),13:30,aut-bundesliga,2020
Austria Wien,LASK,1:1 (1:1),16:00,aut-bundesliga,2020
Rapid Wien,Sturm Graz,4:1 (2:1),18:00,aut-bundesliga,2020
Wolfsberger AC,TSV Hartberg,0:0 (0:0),16:00,aut-bundesliga,2020
SKN St. Pölten,FC Admira Wacker,2:2 (2:1),16:00,aut-bundesliga,2020
SV Ried,Austria Wien,0:1 (0:1),16:00,aut-bundesliga,2020
SCR Altach,RB Salzburg,0:2 (0:0),13:30,aut-bundesliga,2020
LASK,WSG Tirol,2:4 (2:3),16:00,aut-bundesliga,2020
FC Admira Wacker,Austria Wien,0:4 (0:0),17:30,aut-bundesliga,2020
Sturm Graz,TSV Hartberg,2:1 (2:0),17:30,aut-bundesliga,2020
WSG Tirol,SCR Altach,3:1 (3:1),17:30,aut-bundesliga,2020
Rapid Wien,SKN St. Pölten,2:1 (1:1),17:30,aut-bundesliga,2020
RB Salzburg,SV Ried,3:0 (3:0),17:30,aut-bundesliga,2020
Wolfsberger AC,LASK,0:3 (0:0),19:30,aut-bundesliga,2020
SV Ried,FC Admira Wacker,0:0 (0:0),16:00,aut-bundesliga,2020
SCR Altach,Sturm Graz,2:1 (2:1),16:00,aut-bundesliga,2020
TSV Hartberg,RB Salzburg,0:3 (0:2),16:00,aut-bundesliga,2020
Austria Wien,WSG Tirol,2:2 (1:0),13:30,aut-bundesliga,2020
SKN St. Pölten,Wolfsberger AC,0:2 (0:1),13:30,aut-bundesliga,2020
LASK,Rapid Wien,1:2 (1:2),16:00,aut-bundesliga,2020
Sturm Graz,SV Ried,2:1 (1:0),17:30,aut-bundesliga,2020
Rapid Wien,Wolfsberger AC,1:0 (1:0),19:30,aut-bundesliga,2020
SKN St. Pölten,LASK,1:3 (0:2),17:30,aut-bundesliga,2020
FC Admira Wacker,SCR Altach,3:1 (1:0),17:30,aut-bundesliga,2020
RB Salzburg,Austria Wien,3:1 (0:0),19:30,aut-bundesliga,2020
TSV Hartberg,WSG Tirol,1:0 (0:0),17:30,aut-bundesliga,2020
WSG Tirol,RB Salzburg,2:4 (1:1),16:00,aut-bundesliga,2020
SCR Altach,Rapid Wien,0:0 (0:0),16:00,aut-bundesliga,2020
Wolfsberger AC,FC Admira Wacker,2:1 (1:1),16:00,aut-bundesliga,2020
Austria Wien,TSV Hartberg,0:1 (0:1),13:30,aut-bundesliga,2020
SV Ried,SKN St. Pölten,1:1 (1:0),13:30,aut-bundesliga,2020
LASK,Sturm Graz,2:0 (1:0),16:00,aut-bundesliga,2020
Austria Wien,SCR Altach,5:1 (0:1),16:00,aut-bundesliga,2020
WSG Tirol,SKN St. Pölten,0:1 (0:0),16:00,aut-bundesliga,2020
TSV Hartberg,SV Ried,1:1 (1:1),16:00,aut-bundesliga,2020
Sturm Graz,Wolfsberger AC,1:2 (1:1),13:30,aut-bundesliga,2020
FC Admira Wacker,LASK,1:2 (0:1),13:30,aut-bundesliga,2020
RB Salzburg,Rapid Wien,4:2 (1:0),16:00,aut-bundesliga,2020
LASK,TSV Hartberg,1:2 (1:2),16:00,aut-bundesliga,2020
FC Admira Wacker,WSG Tirol,1:1 (1:0),16:00,aut-bundesliga,2020
Rapid Wien,SV Ried,1:0 (0:0),16:00,aut-bundesliga,2020
SKN St. Pölten,Austria Wien,0:2 (0:2),13:30,aut-bundesliga,2020
Wolfsberger AC,SCR Altach,0:1 (0:0),13:30,aut-bundesliga,2020
Sturm Graz,RB Salzburg,2:1 (2:0),16:00,aut-bundesliga,2020
SCR Altach,LASK,0:1 (0:1),16:00,aut-bundesliga,2020
WSG Tirol,Sturm Graz,1:1 (0:0),16:00,aut-bundesliga,2020
TSV Hartberg,FC Admira Wacker,2:1 (1:1),16:00,aut-bundesliga,2020
SV Ried,Wolfsberger AC,0:4 (0:2),13:30,aut-bundesliga,2020
RB Salzburg,SKN St. Pölten,4:1 (2:1),13:30,aut-bundesliga,2020
Austria Wien,Rapid Wien,0:0 (0:0),16:00,aut-bundesliga,2020
RB Salzburg,FC Admira Wacker,3:1 (3:0),16:00,aut-bundesliga,2020
Rapid Wien,TSV Hartberg,4:0 (1:0),16:00,aut-bundesliga,2020
Sturm Graz,Austria Wien,2:1 (0:0),16:00,aut-bundesliga,2020
SKN St. Pölten,SCR Altach,0:1 (0:0),16:00,aut-bundesliga,2020
Wolfsberger AC,WSG Tirol,3:5 (1:3),16:00,aut-bundesliga,2020
SV Ried,LASK,0:3 (0:1),16:00,aut-bundesliga,2020
LASK,RB Salzburg,0:1 (0:1),16:00,aut-bundesliga,2020
WSG Tirol,Rapid Wien,1:1 (0:0),16:00,aut-bundesliga,2020
Austria Wien,Wolfsberger AC,3:5 (1:3),16:00,aut-bundesliga,2020
FC Admira Wacker,Sturm Graz,0:0 (0:0),16:00,aut-bundesliga,2020
TSV Hartberg,SKN St. Pölten,3:3 (0:1),16:00,aut-bundesliga,2020
SCR Altach,SV Ried,2:1 (0:1),16:00,aut-bundesliga,2020
Sturm Graz,RB Salzburg,1:3 (1:0),19:30,aut-bundesliga,2021
Rapid Wien,TSV Hartberg,0:2 (0:1),16:00,aut-bundesliga,2021
SCR Altach,LASK,0:1 (0:1),16:00,aut-bundesliga,2021
WSG Tirol,FC Admira Wacker,1:1 (0:0),16:00,aut-bundesliga,2021
SV Ried,Austria Wien,2:1 (0:0),16:00,aut-bundesliga,2021
SK Austria Klagenfurt,Wolfsberger AC,1:1 (0:1),16:00,aut-bundesliga,2021
LASK,Rapid Wien,1:1 (0:1),16:00,aut-bundesliga,2021
FC Admira Wacker,SK Austria Klagenfurt,4:0 (0:0),16:00,aut-bundesliga,2021
TSV Hartberg,SCR Altach,1:2 (0:2),16:00,aut-bundesliga,2021
Austria Wien,WSG Tirol,1:1 (0:1),16:00,aut-bundesliga,2021
Wolfsberger AC,Sturm Graz,1:4 (1:4),16:00,aut-bundesliga,2021
RB Salzburg,SV Ried,7:1 (2:0),16:00,aut-bundesliga,2021
SK Austria Klagenfurt,TSV Hartberg,4:3 (2:1),16:00,aut-bundesliga,2021
Sturm Graz,SCR Altach,3:1 (1:0),16:00,aut-bundesliga,2021
SV Ried,FC Admira Wacker,2:1 (2:0),16:00,aut-bundesliga,2021
Rapid Wien,Wolfsberger AC,3:0 (1:0),16:00,aut-bundesliga,2021
WSG Tirol,LASK,1:1 (1:0),16:00,aut-bundesliga,2021
RB Salzburg,Austria Wien,1:0 (0:0),16:00,aut-bundesliga,2021
FC Admira Wacker,RB Salzburg,0:1 (0:0),16:00,aut-bundesliga,2021
TSV Hartberg,SV Ried,1:1 (0:1),16:00,aut-bundesliga,2021
Wolfsberger AC,WSG Tirol,2:2 (1:1),16:00,aut-bundesliga,2021
SCR Altach,Rapid Wien,2:1 (0:0),16:00,aut-bundesliga,2021
LASK,Sturm Graz,1:3 (0:0),16:00,aut-bundesliga,2021
Austria Wien,SK Austria Klagenfurt,1:1 (0:0),16:00,aut-bundesliga,2021
Wolfsberger AC,FC Admira Wacker,3:0 (2:0),16:00,aut-bundesliga,2021
RB Salzburg,SK Austria Klagenfurt,3:1 (1:1),16:00,aut-bundesliga,2021
WSG Tirol,SCR Altach,0:0 (0:0),16:00,aut-bundesliga,2021
Rapid Wien,SV Ried,3:0 (1:0),16:00,aut-bundesliga,2021
Sturm Graz,Austria Wien,2:2 (0:1),16:00,aut-bundesliga,2021
LASK,TSV Hartberg,1:1 (0:0),16:00,aut-bundesliga,2021
SK Austria Klagenfurt,WSG Tirol,2:1 (2:1),16:00,aut-bundesliga,2021
TSV Hartberg,RB Salzburg,0:1 (0:1),16:00,aut-bundesliga,2021
SCR Altach,Wolfsberger AC,1:2 (1:2),16:00,aut-bundesliga,2021
Austria Wien,Rapid Wien,1:1 (1:0),16:00,aut-bundesliga,2021
FC Admira Wacker,Sturm Graz,1:1 (0:1),16:00,aut-bundesliga,2021
SV Ried,LASK,1:0 (1:0),16:00,aut-bundesliga,2021
WSG Tirol,RB Salzburg,1:3 (0:1),16:00,aut-bundesliga,2021
Rapid Wien,FC Admira Wacker,1:2 (1:0),16:00,aut-bundesliga,2021
Wolfsberger AC,TSV Hartberg,1:3 (0:2),16:00,aut-bundesliga,2021
LASK,Austria Wien,0:2 (0:0),13:30,aut-bundesliga,2021
SCR Altach,SV Ried,1:1 (1:1),13:30,aut-bundesliga,2021
Sturm Graz,SK Austria Klagenfurt,2:1 (1:1),16:00,aut-bundesliga,2021
SV Ried,Wolfsberger AC,3:3 (0:2),16:00,aut-bundesliga,2021
Austria Wien,SCR Altach,0:0 (0:0),16:00,aut-bundesliga,2021
FC Admira Wacker,TSV Hartberg,1:1 (1:0),16:00,aut-bundesliga,2021
SK Austria Klagenfurt,LASK,1:1 (0:1),13:30,aut-bundesliga,2021
Sturm Graz,WSG Tirol,5:0 (2:0),13:30,aut-bundesliga,2021
RB Salzburg,Rapid Wien,2:0 (0:0),16:00,aut-bundesliga,2021
Wolfsberger AC,RB Salzburg,0:2 (0:1),16:00,aut-bundesliga,2021
WSG Tirol,SV Ried,4:2 (3:0),16:00,aut-bundesliga,2021
SCR Altach,SK Austria Klagenfurt,0:4 (0:1),16:00,aut-bundesliga,2021
TSV Hartberg,Austria Wien,3:4 (2:3),13:30,aut-bundesliga,2021
LASK,FC Admira Wacker,3:1 (0:1),13:30,aut-bundesliga,2021
Rapid Wien,Sturm Graz,0:3 (0:1),16:00,aut-bundesliga,2021
SV Ried,SK Austria Klagenfurt,1:1 (1:0),16:00,aut-bundesliga,2021
Wolfsberger AC,Austria Wien,1:0 (1:0),16:00,aut-bundesliga,2021
FC Admira Wacker,SCR Altach,2:0 (1:0),16:00,aut-bundesliga,2021
Rapid Wien,WSG Tirol,5:2 (1:1),13:30,aut-bundesliga,2021
TSV Hartberg,Sturm Graz,3:2 (2:0),13:30,aut-bundesliga,2021
RB Salzburg,LASK,3:1 (2:0),16:00,aut-bundesliga,2021
Austria Wien,FC Admira Wacker,2:2 (1:1),16:00,aut-bundesliga,2021
SK Austria Klagenfurt,Rapid Wien,1:1 (0:1),16:00,aut-bundesliga,2021
SCR Altach,RB Salzburg,1:1 (1:1),16:00,aut-bundesliga,2021
LASK,Wolfsberger AC,0:1 (0:0),13:30,aut-bundesliga,2021
WSG Tirol,TSV Hartberg,2:2 (1:1),13:30,aut-bundesliga,2021
Sturm Graz,SV Ried,1:0 (1:0),16:00,aut-bundesliga,2021
FC Admira Wacker,WSG Tirol,0:1 (0:0),16:00,aut-bundesliga,2021
Austria Wien,SV Ried,4:1 (2:1),16:00,aut-bundesliga,2021
Wolfsberger AC,SK Austria Klagenfurt,2:1 (1:0),16:00,aut-bundesliga,2021
TSV Hartberg,Rapid Wien,1:1 (0:1),13:30,aut-bundesliga,2021
LASK,SCR Altach,0:1 (0:0),13:30,aut-bundesliga,2021
RB Salzburg,Sturm Graz,4:1 (2:0),16:00,aut-bundesliga,2021
SK Austria Klagenfurt,FC Admira Wacker,3:3 (2:2),16:00,aut-bundesliga,2021
SCR Altach,TSV Hartberg,0:2 (0:1),16:00,aut-bundesliga,2021
SV Ried,RB Salzburg,2:2 (1:0),16:00,aut-bundesliga,2021
WSG Tirol,Austria Wien,1:1 (0:0),13:30,aut-bundesliga,2021
Sturm Graz,Wolfsberger AC,0:3 (0:1),13:30,aut-bundesliga,2021
Rapid Wien,LASK,3:2 (1:1),16:00,aut-bundesliga,2021
TSV Hartberg,SK Austria Klagenfurt,0:2 (0:2),16:00,aut-bundesliga,2021
FC Admira Wacker,SV Ried,1:2 (1:0),16:00,aut-bundesliga,2021
Austria Wien,RB Salzburg,0:1 (0:0),16:00,aut-bundesliga,2021
LASK,WSG Tirol,3:0 (1:0),13:30,aut-bundesliga,2021
Wolfsberger AC,Rapid Wien,4:1 (3:1),16:00,aut-bundesliga,2021
SCR Altach,Sturm Graz,0:1 (0:1),18:00,aut-bundesliga,2021
RB Salzburg,FC Admira Wacker,0:0 (0:0),16:00,aut-bundesliga,2021
SV Ried,TSV Hartberg,1:0 (1:0),16:00,aut-bundesliga,2021
Rapid Wien,SCR Altach,1:0 (0:0),16:00,aut-bundesliga,2021
WSG Tirol,Wolfsberger AC,5:1 (2:1),13:30,aut-bundesliga,2021
SK Austria Klagenfurt,Austria Wien,0:0 (0:0),13:30,aut-bundesliga,2021
Sturm Graz,LASK,3:3 (1:3),16:00,aut-bundesliga,2021
FC Admira Wacker,Wolfsberger AC,0:1 (0:0),16:00,aut-bundesliga,2021
SK Austria Klagenfurt,RB Salzburg,2:1 (1:0),16:00,aut-bundesliga,2021
SCR Altach,WSG Tirol,0:3 (0:1),16:00,aut-bundesliga,2021
Austria Wien,Sturm Graz,2:1 (0:0),13:30,aut-bundesliga,2021
TSV Hartberg,LASK,2:1 (0:0),13:30,aut-bundesliga,2021
SV Ried,Rapid Wien,2:2 (1:1),16:00,aut-bundesliga,2021
WSG Tirol,SK Austria Klagenfurt,0:1 (0:0),16:00,aut-bundesliga,2021
RB Salzburg,TSV Hartberg,2:1 (0:1),16:00,aut-bundesliga,2021
Sturm Graz,FC Admira Wacker,1:1 (1:1),16:00,aut-bundesliga,2021
LASK,SV Ried,1:0 (1:0),13:30,aut-bundesliga,2021
Wolfsberger AC,SCR Altach,3:0 (1:0),16:00,aut-bundesliga,2021
Rapid Wien,Austria Wien,1:1 (1:1),16:00,aut-bundesliga,2021
RB Salzburg,WSG Tirol,5:0 (1:0),16:00,aut-bundesliga,2021
SV Ried,SCR Altach,2:1 (1:0),16:00,aut-bundesliga,2021
TSV Hartberg,Wolfsberger AC,2:2 (1:2),16:00,aut-bundesliga,2021
FC Admira Wacker,Rapid Wien,1:2 (1:1),13:30,aut-bundesliga,2021
SK Austria Klagenfurt,Sturm Graz,0:3 (0:2),13:30,aut-bundesliga,2021
Austria Wien,LASK,2:3 (2:2),16:00,aut-bundesliga,2021
Rapid Wien,RB Salzburg,1:2 (1:0),18:30,aut-bundesliga,2021
Wolfsberger AC,SV Ried,2:1 (1:1),16:00,aut-bundesliga,2021
WSG Tirol,Sturm Graz,2:2 (1:1),16:00,aut-bundesliga,2021
SCR Altach,Austria Wien,0:2 (0:2),16:00,aut-bundesliga,2021
TSV Hartberg,FC Admira Wacker,1:1 (0:1),13:30,aut-bundesliga,2021
LASK,SK Austria Klagenfurt,2:2 (1:0),16:00,aut-bundesliga,2021
Austria Wien,TSV Hartberg,2:0 (1:0),16:00,aut-bundesliga,2021
FC Admira Wacker,LASK,0:3 (0:2),16:00,aut-bundesliga,2021
SV Ried,WSG Tirol,3:2 (3:0),16:00,aut-bundesliga,2021
RB Salzburg,Wolfsberger AC,2:0 (0:0),13:30,aut-bundesliga,2021
SK Austria Klagenfurt,SCR Altach,2:0 (2:0),13:30,aut-bundesliga,2021
Sturm Graz,Rapid Wien,2:2 (1:1),16:00,aut-bundesliga,2021
SCR Altach,FC Admira Wacker,0:2 (0:1),16:00,aut-bundesliga,2021
SK Austria Klagenfurt,SV Ried,1:1 (1:0),16:00,aut-bundesliga,2021
Austria Wien,Wolfsberger AC,1:0 (0:0),16:00,aut-bundesliga,2021
WSG Tirol,Rapid Wien,0:2 (0:2),16:00,aut-bundesliga,2021
Sturm Graz,TSV Hartberg,3:0 (0:0),16:00,aut-bundesliga,2021
LASK,RB Salzburg,0:0 (0:0),19:30,aut-bundesliga,2021
RB Salzburg,SCR Altach,4:0 (3:0),16:00,aut-bundesliga,2021
FC Admira Wacker,Austria Wien,1:2 (1:0),16:00,aut-bundesliga,2021
Wolfsberger AC,LASK,1:0 (0:0),16:00,aut-bundesliga,2021
SV Ried,Sturm Graz,2:2 (0:0),16:00,aut-bundesliga,2021
Rapid Wien,SK Austria Klagenfurt,3:0 (1:0),16:00,aut-bundesliga,2021
TSV Hartberg,WSG Tirol,0:1 (0:1),16:00,aut-bundesliga,2021
